"시도별","산업별",2007,2007,2007,2007,2007,2007,2007,2007,2008,2008,2008,2008,2008,2008,2008,2008,2009,2009,2009,2009,2009,2009,2009,2009,2011,2011,2011,2011,2011,2011,2011,2011,2012,2012,2012,2012,2012,2012,2012,2012,2013,2013,2013,2013,2013,2013,2013,2013,2014,2014,2014,2014,2014,2014,2014,2014,2015,2015,2015,2015,2015,2015,2015,2015,2016,2016,2016,2016,2016,2016,2016,2016,2017,2017,2017,2017,2017,2017,2017,2017,2018,2018,2018,2018,2018,2018,2018,2018
"시도별","산업별",기업체수 (개),종사자수 (명),급여액 (백만원),운송수단 및 창고수 (수),매출액 (백만원),영업비용 (백만원),부가가치 (백만원),유형자산 (백만원),기업체수 (개),종사자수 (명),급여액 (백만원),운송수단 및 창고수 (수),매출액 (백만원),영업비용 (백만원),부가가치 (백만원),유형자산 (백만원),기업체수 (개),종사자수 (명),급여액 (백만원),운송수단 및 창고수 (수),매출액 (백만원),영업비용 (백만원),부가가치 (백만원),유형자산 (백만원),기업체수 (개),종사자수 (명),급여액 (백만원),운송수단 및 창고수 (수),매출액 (백만원),영업비용 (백만원),부가가치 (백만원),유형자산 (백만원),기업체수 (개),종사자수 (명),급여액 (백만원),운송수단 및 창고수 (수),매출액 (백만원),영업비용 (백만원),부가가치 (백만원),유형자산 (백만원),기업체수 (개),종사자수 (명),급여액 (백만원),운송수단 및 창고수 (수),매출액 (백만원),영업비용 (백만원),부가가치 (백만원),유형자산 (백만원),기업체수 (개),종사자수 (명),급여액 (백만원),운송수단 및 창고수 (수),매출액 (백만원),영업비용 (백만원),부가가치 (백만원),유형자산 (백만원),기업체수 (개),종사자수 (명),급여액 (백만원),운송수단 및 창고수 (수),매출액 (백만원),영업비용 (백만원),부가가치 (백만원),유형자산 (백만원),기업체수 (개),종사자수 (명),급여액 (백만원),운송수단 및 창고수 (수),매출액 (백만원),영업비용 (백만원),부가가치 (백만원),유형자산 (백만원),기업체수 (개),종사자수 (명),급여액 (백만원),운송수단 및 창고수 (수),매출액 (백만원),영업비용 (백만원),부가가치 (백만원),유형자산 (백만원),기업체수 (개),종사자수 (명),급여액 (백만원),운송수단 및 창고수 (수),매출액 (백만원),영업비용 (백만원),부가가치 (백만원),유형자산 (백만원)
"서울특별시","육상운송 및 파이프라인 운송업",88381,269769,4656584,196733,13956845,11775469,8766262,17805625,87659,274330,5095232,202745,16087176,14039549,9336598,19143496,86668,287422,5428750,207855,18903515,16658237,10113543,20510542,86093,274439,5557696,201732,18454254,16964359,9449061,16771810,85310,263402,5294308,197112,16722378,15390524,8977161,15896202,87285,276453,5422354,210869,19792866,18359300,10146089,17789019,88512,277619,5736256,212079,20721511,19164673,10803325,12671257,88572,280120,5631285,220092,20894108,18603236,12279686,15573576,88117,273424,5730445,215683,20857179,18987673,11394875,16365337,87405,282909,7049777,219848,22478717,20840839,11416594,22246183,87865,264663,6204393,203700,23181236,21345615,11096678,20692249
"서울특별시","수상 운송업",139,16632,852384,1472,31864040,29945491,5326603,17204269,150,18779,994378,2701,50716508,47382401,9225757,26495400,147,17775,847667,1773,34040186,35642758,2427750,27489556,131,16420,988341,1691,39474387,39914599,3375754,29873098,144,17174,1056448,1578,42269255,42608599,3273168,31529748,147,16771,1017739,1402,37724347,37822177,3801557,29634422,142,16108,1008052,1378,35523616,34576700,5195062,29857795,136,16951,1038629,1471,34747138,33317942,5812155,30189338,127,16216,1090060,1337,28096765,28668661,3329112,31275886,114,12659,874309,1224,24415390,23782164,3444312,27472314,108,13590,888824,1379,25645680,25087014,3620147,24225975
"서울특별시","항공 운송업",7,21378,1151139,224,12508641,11658567,3961751,13670272,8,25289,1339458,222,14521273,14682564,3238820,14141865,9,25593,1424171,233,13424782,13553235,3458052,14628362,28,29282,1737938,516,19872334,18199079,6206899,16789652,28,30189,1794285,522,20745045,19709722,5754481,17629392,28,30947,1900170,496,20212843,19613949,5742950,18475315,24,31776,1929903,468,20408106,19559345,5936708,19053941,26,32689,2076730,489,19882547,18208712,7777948,20961557,28,33889,2130954,498,20425992,18335852,7411830,21335452,31,34310,2359932,807,20841020,18963493,8421465,21772873,35,34973,2439534,959,22840195,21267231,8245779,20527132
"서울특별시","창고 및 운송관련 서비스업",4417,61180,1498344,550,4928076,4424647,2890358,11018328,3847,49251,1475036,594,5210960,4626859,3034922,9816887,3648,44499,1347680,528,5502738,4839469,2971034,12072610,4070,48351,1534819,455,6833819,6025404,3526093,8888013,3797,48280,1578405,430,6633977,5885415,3378084,5606624,3918,46276,1584533,8692,6790866,6033454,3516653,5432926,3917,45098,1651918,8570,7413792,6440246,3810266,5977061,3960,44426,1601112,8732,7417174,6421484,4060504,5554938,4485,46058,1690456,8526,7831374,6802554,3995783,4802323,5133,46560,1890113,8517,8084714,7189141,4269389,4539477,5155,38855,1616332,3423,8265573,7505734,3561214,5580960
"부산광역시","육상운송 및 파이프라인 운송업",25200,85420,1629907,63936,5062509,4515307,2864754,5987396,24840,82246,1553029,59194,4625980,4191428,2588183,6097921,24753,77631,1504525,55758,4765213,4161037,2785599,6317283,25292,72619,1247244,59100,4670504,4300544,2318945,4696239,24630,71792,1424230,58933,4907452,4546755,2394758,4576540,25226,72800,1372123,59030,4874228,4498778,2431820,4779794,25585,72408,1385138,58906,5223555,4883241,2465317,4643977,25823,70803,1455068,56995,4985213,4585313,2444615,4895117,25245,68917,1490703,55117,4924647,4538562,2531974,6268597,25304,69772,1510322,60405,4821412,4626648,2557871,4990655,25459,71896,1574406,58974,4798902,4592965,2531629,5168732
"부산광역시","수상 운송업",87,3036,87602,295,556389,531819,245297,528758,90,3510,113801,385,1022781,872736,503053,1715054,129,4765,160580,533,1154478,1060076,580446,1686803,114,3990,142306,445,1134144,1061298,495116,1897443,124,4585,181970,458,1488075,1412812,584525,1923240,163,4928,193921,588,1698532,1596437,628284,2034604,158,4485,181880,583,1736680,1696252,548093,2229390,198,5359,226853,618,1917441,1736435,878987,2643489,211,5679,254580,697,1800646,1632905,856991,2806929,191,5521,251882,668,1782889,1651191,764982,2365420,181,5350,250162,625,1583354,1392213,762681,2326265
"부산광역시","항공 운송업",-,-,-,-,-,-,-,-,1,...,...,...,...,...,...,...,1,...,...,...,...,...,...,...,1,...,...,...,...,...,...,...,1,...,...,...,...,...,...,...,1,...,...,...,...,...,...,...,1,...,...,...,...,...,...,...,1,...,...,...,...,...,...,...,1,...,...,...,...,...,...,...,1,...,...,...,...,...,...,...,1,X,X,X,X,X,X,X
"부산광역시","창고 및 운송관련 서비스업",3814,15296,350200,346,1517261,1248246,944072,10752339,3100,15231,366975,320,1432543,1243826,879291,11066035,3062,15255,322028,321,1229302,1059116,832019,13453932,2666,12379,292766,308,1720892,1355739,1004863,10236996,3040,14876,326687,339,1536516,1199664,962096,5425295,3033,14016,371861,293,1854084,1485722,1106188,6189300,3004,15128,397674,332,1933154,1505717,1207531,6332842,3026,16325,457937,279,2299789,1904840,1315304,6727425,3487,19603,611760,299,2934910,2401570,1604637,7366865,4093,21751,743102,350,3242521,2673937,1895512,7828300,4088,23304,842364,245,3133972,2650012,1882664,7787074
"대구광역시","육상운송 및 파이프라인 운송업",19015,55185,654504,42769,2089917,2028808,1075279,4317361,19249,47883,630553,40582,1965333,1927699,1003900,4025056,19255,47190,633055,41092,1935232,1829895,1050392,4046970,19546,48035,713529,42135,2369049,2272460,1176128,3851309,19095,48019,707252,42244,2177957,1994835,1207524,3775169,19816,46644,698034,42518,2052287,1908875,1159226,3894702,20488,44330,619682,39223,1827353,1705730,1052802,4021867,20374,44479,669857,37207,1940584,1886501,1048291,4233913,20542,43425,724861,37556,2035127,1979697,1172791,5345349,20601,44622,769735,38959,2307584,2232617,1236656,5395147,20828,43633,828297,37555,2342366,2244700,1212632,1238563
"대구광역시","수상 운송업",-,-,-,-,-,-,-,-,-,-,-,-,-,-,-,-,-,-,-,-,-,-,-,-,-,-,-,-,-,-,-,-,-,-,-,-,-,-,-,-,-,-,-,-,-,-,-,-,-,-,-,-,-,-,-,-,-,-,-,-,-,-,-,-,-,-,-,-,-,-,-,-,-,-,-,-,-,-,-,-,-,-,-,-,-,-,-,-
"대구광역시","항공 운송업",-,-,-,-,-,-,-,-,-,-,-,-,-,-,-,-,-,-,-,-,-,-,-,-,-,-,-,-,-,-,-,-,-,-,-,-,-,-,-,-,-,-,-,-,-,-,-,-,-,-,-,-,-,-,-,-,-,-,-,-,-,-,-,-,-,-,-,-,-,-,-,-,-,-,-,-,-,-,-,-,-,-,-,-,-,-,-,-
"대구광역시","창고 및 운송관련 서비스업",1232,2855,33102,72,463334,192164,338316,205216,997,3125,47215,152,420164,232923,272047,221015,990,2365,35155,163,414467,212178,269603,157139,1013,2557,48143,149,625440,447807,272868,267652,1000,2628,49496,134,635397,448832,276802,196533,993,2423,25238,98,163210,122414,81919,161389,981,2048,22840,132,116782,84488,70156,163422,1011,1855,19848,86,108079,70568,69715,109514,994,2106,35477,63,165723,117583,103468,116122,915,2236,39340,103,178188,145711,94360,148825,897,2254,33954,98,185332,160944,83952,281899
"인천광역시","육상운송 및 파이프라인 운송업",17963,46371,635447,40207,2499773,2290535,1241869,2787832,18171,49745,717690,45438,2787747,2486586,1355083,3029527,19254,43405,559438,37299,2112469,1820628,1103197,3317193,19126,54060,928001,46245,4142832,3881732,1674835,3157145,18969,50159,754962,41107,3119821,2736531,1504029,2717406,19756,48486,801913,40794,3012049,2547256,1593539,2100262,20221,48144,782142,39055,2958134,2477228,1626253,2452381,20318,48389,790584,39916,2790250,2371959,1617754,2146197,20795,48204,775846,40473,2928619,2279310,1812898,2189037,21320,46687,844113,37868,2944509,2392909,1813239,4642135,21743,47012,849592,38932,2981102,2620378,1625006,3850824
"인천광역시","수상 운송업",27,839,23961,114,119370,111998,70093,83675,25,636,20395,87,102495,92549,62363,75968,25,610,22171,91,118971,112811,66722,82790,23,660,23380,93,161149,152395,75056,119952,26,806,32073,116,194770,191098,88103,147727,40,979,38937,169,216184,210291,89476,169169,39,825,35265,151,181332,173061,84734,150604,43,916,39588,166,203189,180771,119599,166213,49,1027,43053,181,238500,218949,114122,204571,42,867,39694,162,193141,178058,129055,215688,40,735,34698,141,146965,146814,89719,161260
"인천광역시","항공 운송업",-,-,-,-,-,-,-,-,-,-,-,-,-,-,-,-,-,-,-,-,-,-,-,-,1,...,...,...,...,...,...,...,1,...,...,...,...,...,...,...,1,...,...,...,...,...,...,...,4,79,4073,33,197924,115818,90910,954,2,...,...,...,...,...,...,...,2,...,...,...,...,...,...,...,3,488,17692,142,241088,163715,103479,6590,2,X,X,X,X,X,X,X
"인천광역시","창고 및 운송관련 서비스업",1335,9697,267755,605,2124695,1488362,1335789,10336766,816,8126,252223,657,1922181,1381807,1246133,10474509,742,8851,283977,554,2071037,1522963,1406737,10386688,794,8786,313867,543,2488531,1765644,1676222,10373773,775,7114,243523,502,2443779,1514302,1708646,10574812,775,8367,280551,393,2651162,1673186,1817785,10214249,770,8577,289199,404,2807843,1695540,1911748,10501891,793,8812,319487,328,3065747,1784864,2123077,11596647,1079,12540,482309,420,3771584,2191375,2662348,13106413,1323,13214,511126,260,4219730,2407328,2926077,11732261,1319,14714,579564,226,4449435,2871953,2924133,11732483
"광주광역시","육상운송 및 파이프라인 운송업",8991,23309,279066,19027,942557,840223,517730,1264608,8875,23113,279914,19017,1008592,928395,509802,1281948,8917,23210,280563,18766,990683,899906,516236,1927606,9143,23675,312716,19840,1079743,1030774,537056,2077029,9150,24358,355538,20437,1262980,1118793,669394,1956461,9324,24134,363413,21192,1273623,1138551,683525,1891170,9748,24270,350400,21111,1162502,1114663,584802,1787369,9816,26075,475126,21294,1538053,1371265,905314,1980332,9856,26424,497365,21227,1652292,1458933,964732,1791377,10042,26596,499893,21936,1749405,1525155,1021395,1783930,10191,24347,403477,19978,1335023,1236310,725310,1716136
"광주광역시","수상 운송업",-,-,-,-,-,-,-,-,-,-,-,-,-,-,-,-,-,-,-,-,-,-,-,-,-,-,-,-,-,-,-,-,1,...,...,...,...,...,...,...,-,-,-,-,-,-,-,-,-,-,-,-,-,-,-,-,-,-,-,-,-,-,-,-,-,-,-,-,-,-,-,-,-,-,-,-,-,-,-,-,-,-,-,-,-,-,-,-
"광주광역시","항공 운송업",-,-,-,-,-,-,-,-,-,-,-,-,-,-,-,-,-,-,-,-,-,-,-,-,-,-,-,-,-,-,-,-,-,-,-,-,-,-,-,-,-,-,-,-,-,-,-,-,-,-,-,-,-,-,-,-,-,-,-,-,-,-,-,-,-,-,-,-,-,-,-,-,-,-,-,-,-,-,-,-,-,-,-,-,-,-,-,-
"광주광역시","창고 및 운송관련 서비스업",617,2330,35859,815,289813,154975,195567,555045,471,1398,26971,6,292342,174321,174082,492877,492,2048,34044,7,358345,207748,219534,641874,545,2881,44497,116,152082,124723,112809,521623,511,1641,22230,117,117095,86332,74060,493533,516,1637,18536,16,93106,72583,60041,537774,509,1541,21670,17,105920,89856,60802,516235,498,1934,33668,29,132618,112499,78761,423225,476,1727,32429,37,150403,119541,88874,538944,467,1848,44089,49,209302,169874,123388,686270,438,1672,37174,34,213076,150095,124371,755869
"대전광역시","육상운송 및 파이프라인 운송업",9312,28419,622257,32988,1926497,2708314,435182,6458474,9483,30273,709624,33239,1929834,2820677,497114,8097217,9389,27655,578480,36891,1728768,2606139,353325,8010962,9698,68129,2465776,40267,5720449,6126520,3290121,13053680,9605,51571,2155148,37093,5352228,5653022,2919858,13405426,9881,52200,2205147,38266,5787898,5902062,3208772,17248764,10472,50994,1962813,36965,5932943,5573206,3299422,17116089,10474,51570,2137313,37682,6354396,6103678,4447305,17687691,10588,51843,2210662,37772,6631534,6245491,4627816,17796910,10711,52418,2211959,37668,6386783,6668477,4058996,19989599,10946,53714,2455417,38138,6413714,6730068,3452578,21437332
"대전광역시","수상 운송업",-,-,-,-,-,-,-,-,-,-,-,-,-,-,-,-,-,-,-,-,-,-,-,-,-,-,-,-,-,-,-,-,-,-,-,-,-,-,-,-,-,-,-,-,-,-,-,-,-,-,-,-,-,-,-,-,1,...,...,...,...,...,...,...,2,...,...,...,...,...,...,...,1,...,...,...,...,...,...,...,1,X,X,X,X,X,X,X
"대전광역시","항공 운송업",1,...,...,...,...,...,...,...,1,...,...,...,...,...,...,...,1,...,...,...,...,...,...,...,1,...,...,...,...,...,...,...,1,...,...,...,...,...,...,...,1,...,...,...,...,...,...,...,1,...,...,...,...,...,...,...,1,...,...,...,...,...,...,...,1,...,...,...,...,...,...,...,1,...,...,...,...,...,...,...,1,X,X,X,X,X,X,X
"대전광역시","창고 및 운송관련 서비스업",379,2325,75698,291,1010314,902527,246317,7099468,319,2111,89504,1303,1003838,844816,314149,4012959,366,2541,91489,375,1095053,909305,347781,8909055,377,2383,104105,945,1371154,1049346,495665,5023424,346,2861,139211,941,1641273,1117847,779046,10270322,348,2504,111319,18,866131,532697,482444,6231704,347,2231,100842,20,928510,550458,531700,7150789,329,2282,110421,40,1037974,580646,620848,7669951,328,2538,121649,32,1143012,589424,749280,7164162,278,2325,130880,34,1325030,1370725,163208,7380386,276,2435,128716,24,1215405,1260766,161396,7522674
"울산광역시","육상운송 및 파이프라인 운송업",5840,16801,224131,15030,873626,733436,469032,305526,5993,16628,206500,14492,803938,699328,402601,254640,6050,16522,223226,13985,873719,753458,454819,288037,5993,16077,228543,14792,854442,773195,400578,263051,6009,17476,321181,14207,978982,848377,558489,346592,6165,16079,233658,14033,951671,801507,497330,309434,6331,16610,250513,14612,972646,853660,488351,378132,6313,17442,319593,15105,1193053,1052923,613154,414445,6083,16497,327113,14212,1132404,952480,636705,336404,6209,17788,383996,15445,1351827,1122644,752308,3677051,6756,19599,414600,16339,1314666,1208349,676222,3483540
"울산광역시","수상 운송업",31,698,22049,113,112096,102649,60286,68530,32,749,24566,129,144704,132807,74299,64713,35,826,26671,132,146778,134134,82724,78595,34,844,29905,113,193213,182692,87928,122258,28,734,25386,110,197178,188571,86905,108949,28,700,26557,117,192211,184626,83748,120548,27,657,27561,116,185197,179382,79067,106567,36,823,33619,137,167654,153390,99774,108900,30,634,30751,105,149732,142022,78291,106377,27,563,27803,83,140696,132305,74993,139730,26,558,26591,82,137754,132271,81657,134793
"울산광역시","항공 운송업",-,-,-,-,-,-,-,-,-,-,-,-,-,-,-,-,-,-,-,-,-,-,-,-,-,-,-,-,-,-,-,-,-,-,-,-,-,-,-,-,-,-,-,-,-,-,-,-,-,-,-,-,-,-,-,-,-,-,-,-,-,-,-,-,-,-,-,-,-,-,-,-,-,-,-,-,-,-,-,-,-,-,-,-,-,-,-,-
"울산광역시","창고 및 운송관련 서비스업",543,2440,60219,597,194454,158649,141170,311512,268,1940,55895,491,214387,166743,162658,368391,220,3480,55644,459,194993,151798,134728,558853,247,3565,61622,630,306966,261262,166762,570933,407,3380,94584,770,421014,364893,245635,699107,397,3682,87823,777,395006,316191,265844,958140,394,3749,92493,776,417974,328996,304504,951453,448,4522,116175,598,494011,422726,315214,1216879,469,3746,132902,588,615752,491111,384895,1294663,461,3808,143568,576,660397,534676,393874,1382353,457,4022,138221,567,790430,668469,383287,1200426
"세종특별자치시","육상운송 및 파이프라인 운송업",-,-,-,-,-,-,-,-,-,-,-,-,-,-,-,-,-,-,-,-,-,-,-,-,-,-,-,-,-,-,-,-,340,1474,25490,1263,88500,86849,35758,31098,532,1391,19728,1246,69680,67252,27464,18761,564,1522,24257,1352,68060,66383,33103,26511,561,1545,27097,1234,71364,70400,34932,20571,587,6906,222827,6008,473530,462792,285757,645117,621,8695,276766,6801,525601,527665,335623,964272,779,10289,402730,7943,641987,654095,461269,1613555
"세종특별자치시","수상 운송업",-,-,-,-,-,-,-,-,-,-,-,-,-,-,-,-,-,-,-,-,-,-,-,-,-,-,-,-,-,-,-,-,-,-,-,-,-,-,-,-,-,-,-,-,-,-,-,-,-,-,-,-,-,-,-,-,-,-,-,-,-,-,-,-,-,-,-,-,-,-,-,-,-,-,-,-,-,-,-,-,-,-,-,-,-,-,-,-
"세종특별자치시","항공 운송업",-,-,-,-,-,-,-,-,-,-,-,-,-,-,-,-,-,-,-,-,-,-,-,-,-,-,-,-,-,-,-,-,-,-,-,-,-,-,-,-,-,-,-,-,-,-,-,-,-,-,-,-,-,-,-,-,-,-,-,-,-,-,-,-,-,-,-,-,-,-,-,-,-,-,-,-,-,-,-,-,-,-,-,-,-,-,-,-
"세종특별자치시","창고 및 운송관련 서비스업",-,-,-,-,-,-,-,-,-,-,-,-,-,-,-,-,-,-,-,-,-,-,-,-,-,-,-,-,-,-,-,-,32,61,851,3,10192,8284,8309,147050,26,190,5727,8,9781,9228,8086,3781,21,161,5116,5,8892,8257,7984,1370,22,91,1434,2,9762,8121,4759,13681,19,105,2605,5,18998,16160,7850,7171,20,95,2688,6,10405,9169,5819,16043,16,129,1790,4,19829,17468,6207,16893
"경기도","육상운송 및 파이프라인 운송업",60449,143058,1589786,113791,6166002,5088250,3411061,3000385,61833,147822,1608288,121088,6339675,5260596,3453410,3289710,62522,145418,1664352,118625,6547293,5403122,3639062,3291150,66515,155626,1999413,128956,8133400,7062135,4128727,3958870,65766,171493,2622511,139526,10637968,9312477,5264621,4616679,73243,173747,2541821,143658,10275698,8986892,5037915,4998786,74108,165478,2282782,139721,9275228,7964949,4825219,4783482,75100,169560,2407233,143573,9208289,7897739,4891662,4596108,77808,178261,2623088,152036,10124873,8462172,5553705,4485902,79568,177033,2714920,150704,10141484,8575920,5657049,5337975,84711,194366,3218059,159982,10439563,8800913,6117496,4927398
"경기도","수상 운송업",-,-,-,-,-,-,-,-,-,-,-,-,-,-,-,-,1,...,...,...,...,...,...,...,3,218,8499,23,35224,30085,18393,27256,6,195,8050,30,166394,158973,27498,31431,6,207,10157,38,193770,189637,30855,36918,5,184,9558,28,163035,157436,26158,39834,8,229,12259,37,46073,38547,30225,32348,7,119,6004,12,33790,26496,18035,23949,6,103,5427,10,35629,27949,17440,25785,5,100,4851,11,30253,25207,13812,29942
"경기도","항공 운송업",-,-,-,-,-,-,-,-,1,...,...,...,...,...,...,...,1,...,...,...,...,...,...,...,1,...,...,...,...,...,...,...,1,...,...,...,...,...,...,...,1,...,...,...,...,...,...,...,1,...,...,...,...,...,...,...,1,...,...,...,...,...,...,...,1,...,...,...,...,...,...,...,-,-,-,-,-,-,-,-,-,-,-,-,-,-,-,-
"경기도","창고 및 운송관련 서비스업",2344,10149,208707,1074,1635852,898827,1121699,1308050,2076,10340,229324,779,2135988,1381502,1413183,2209112,1991,10467,217250,2568,2012126,1181603,1231867,1279415,2315,11196,266868,2134,1716337,1242140,924278,1355246,2550,12500,288733,1720,1899817,1466146,978867,1401428,2712,16284,450464,1189,4940903,3765104,1958268,1805677,2707,11972,252345,1274,1675706,1349154,842043,1366013,2883,13145,313629,2217,1885276,1534468,946210,1582629,2834,14476,398458,1645,2483878,1951212,1320012,2705041,2624,18554,525986,1538,3213891,2610121,1548277,2505550,2636,16941,491593,1345,3310801,2670212,1631347,2669627
"강원도","육상운송 및 파이프라인 운송업",9191,21133,190107,17514,810594,699792,397572,454403,9146,20466,193305,17494,811268,713915,402032,509956,9238,19208,183952,16859,769958,674172,384406,431607,9216,20433,208955,17713,920400,815884,431757,365298,9232,19618,204796,17238,860908,740274,422550,483559,9371,20777,228729,18750,932980,805678,466389,462943,9635,20192,223394,17624,986599,793614,565345,550349,9580,20045,229744,18838,984062,803048,541330,490859,9389,19949,241939,18036,1071605,840666,598073,539033,9509,19470,232501,17501,1034696,821197,583788,455241,9733,19899,282450,17802,1050376,877893,580491,531842
"강원도","수상 운송업",3,29,463,10,1056,986,660,2012,3,29,449,10,1225,1016,814,2056,4,37,592,9,1570,1315,1029,4150,3,96,2799,8,13089,17226,3018,12558,4,133,4309,10,18936,24036,5403,25118,4,136,4516,11,20173,25377,7448,8490,4,134,4761,13,18723,21791,7599,7532,7,136,3766,18,20852,20741,8336,19092,7,123,4797,18,24523,24887,9952,14175,8,129,5411,20,29649,29259,12839,25931,8,131,5534,16,29344,30868,11191,23699
"강원도","항공 운송업",-,-,-,-,-,-,-,-,-,-,-,-,-,-,-,-,-,-,-,-,-,-,-,-,-,-,-,-,-,-,-,-,-,-,-,-,-,-,-,-,-,-,-,-,-,-,-,-,-,-,-,-,-,-,-,-,-,-,-,-,-,-,-,-,-,-,-,-,-,-,-,-,-,-,-,-,-,-,-,-,-,-,-,-,-,-,-,-
"강원도","창고 및 운송관련 서비스업",620,1956,30808,601,93586,127526,17216,1838985,406,1745,32777,787,163121,146573,77751,1707588,381,1383,24601,56,193409,129831,115612,119379,395,1482,35182,395,582351,393422,252173,1229963,401,1587,37169,400,616411,370719,316841,141080,406,1026,12682,54,162030,54725,131759,118435,398,1018,11313,54,153705,56383,122756,117671,401,1278,18743,218,197929,115528,125629,108750,400,1497,22148,220,238593,144769,141272,118040,399,1126,23305,267,284812,154033,173937,118475,380,1176,22250,262,217999,153091,110485,137964
"충청북도","육상운송 및 파이프라인 운송업",9683,23013,282703,20771,1144876,1022901,522179,495986,9583,23425,294004,21021,1249780,1129159,542137,435379,9129,21723,241239,18829,1138505,1020726,476291,422653,9770,21282,269258,19247,1088100,957750,526508,486893,10037,22301,284417,19505,1224449,1110035,526592,498290,10386,22788,316906,20526,1284514,1156943,593231,523038,10604,22524,285543,20253,1326331,1176992,603605,520355,10577,22254,274565,19779,1192864,1005973,633319,547822,10788,22043,292329,21153,1215609,989692,669162,878136,10814,21906,316714,20533,1162883,975568,657040,597546,11112,22995,328412,20674,1270539,1062885,698111,794594
"충청북도","수상 운송업",4,88,1813,19,4832,4758,3053,9012,3,83,2010,16,5183,4959,3170,7901,4,77,1726,18,4821,4143,3231,7983,3,88,1942,16,5246,4599,3606,5491,3,80,1907,19,5920,3964,4456,4714,3,82,1865,17,6931,4813,5547,4989,3,69,2191,18,4795,4653,3638,6845,5,90,2755,19,6459,5932,4717,6934,4,77,2299,20,6071,5864,4189,6664,5,97,2643,22,8313,6968,6084,6737,4,81,2432,20,6520,6131,4270,6422
"충청북도","항공 운송업",1,...,...,...,...,...,...,...,-,-,-,-,-,-,-,-,-,-,-,-,-,-,-,-,-,-,-,-,-,-,-,-,-,-,-,-,-,-,-,-,-,-,-,-,-,-,-,-,-,-,-,-,-,-,-,-,-,-,-,-,-,-,-,-,-,-,-,-,-,-,-,-,-,-,-,-,-,-,-,-,-,-,-,-,-,-,-,-
"충청북도","창고 및 운송관련 서비스업",711,1864,26678,668,241953,227687,62513,341263,867,1971,29611,1319,151091,130673,66602,281129,816,1742,18752,667,123615,96255,58159,58609,731,1488,20527,556,78314,62524,49109,51937,638,1613,29607,558,92168,78194,59044,86008,605,1644,23162,91,86912,70568,47739,70596,586,1781,23003,83,103971,77549,63757,72451,578,1964,32189,92,109154,91539,80050,112231,568,1601,29040,128,104561,82968,64815,88639,498,1256,28969,103,107636,90119,61169,62278,501,1418,28387,106,140611,124698,59751,95293
"충청남도","육상운송 및 파이프라인 운송업",10179,25774,285247,21545,1150583,1039651,519073,415582,10438,23411,262109,20562,1214153,1081904,550863,535937,10965,30790,315510,26214,1195146,1021971,611471,746420,11192,28221,457590,24604,1577711,1369350,829925,585590,11051,27125,378149,24251,1445164,1299139,728496,604520,11241,25601,329916,22533,1308345,1213509,631063,475810,11733,25493,334488,22016,1389244,1238947,658178,688889,11487,29111,463665,25329,1548630,1366412,852688,530810,12010,29323,524072,26018,1775838,1512155,975290,652041,12029,29069,511931,24929,1850271,1593540,962206,727952,12078,27607,469302,23875,1709709,1501948,888121,717047
"충청남도","수상 운송업",8,134,5081,26,19443,17285,12010,30942,7,127,4186,27,22547,20247,14433,35614,6,140,5560,25,23674,21966,14655,40026,8,160,5559,33,35614,30159,20338,45625,8,200,7929,37,42036,38552,20833,44686,11,237,10065,46,43316,44614,22165,46569,10,217,9963,40,41713,38390,24684,46023,13,268,10551,44,36616,28831,28071,36148,13,330,15299,39,52895,47597,35272,76709,14,369,18169,50,59259,51950,44753,69995,14,319,16306,49,49522,45082,35996,78611
"충청남도","항공 운송업",1,...,...,...,...,...,...,...,1,...,...,...,...,...,...,...,2,...,...,...,...,...,...,...,1,...,...,...,...,...,...,...,-,-,-,-,-,-,-,-,-,-,-,-,-,-,-,-,-,-,-,-,-,-,-,-,-,-,-,-,-,-,-,-,-,-,-,-,-,-,-,-,-,-,-,-,-,-,-,-,-,-,-,-,-,-,-,-
"충청남도","창고 및 운송관련 서비스업",694,1954,18473,879,155399,116480,74071,118470,490,1132,15260,125,197125,112348,122211,186924,545,1570,25850,1234,258214,200886,114569,222632,600,1548,21630,188,247353,122103,175360,138627,567,1577,32604,176,253962,161594,154552,189319,560,2012,31858,225,303100,161523,209016,157000,555,2481,35155,203,288157,182146,188584,170543,550,2694,39944,226,315712,203764,199366,185780,543,2742,70597,176,466887,315183,289654,521146,549,2424,65877,173,448104,307383,295959,427828,540,2262,71244,147,400578,329720,235548,447506
"전라북도","육상운송 및 파이프라인 운송업",11155,28191,291155,24217,1219368,1098803,552359,485288,11143,27931,296999,25199,1199405,1067147,559732,472473,11225,27509,279780,24135,1223132,1083125,583241,3036993,11358,31284,396059,28546,1477184,1347029,672406,667627,11198,27132,355052,24311,1393273,1256555,621551,494960,11604,27992,354216,25689,1332763,1197009,630391,485067,11854,27859,399354,24805,1362043,1218193,688125,451572,11623,26462,379923,23560,1178886,1050873,647825,515909,11522,27046,438482,24095,1370625,1238831,717536,464685,11587,27023,393921,24020,1295257,1164202,668760,723939,11847,26055,409263,23478,1324035,1207772,679926,644955
"전라북도","수상 운송업",12,123,2530,30,9427,10243,3283,7319,12,112,2066,27,8580,7831,4460,11392,11,167,3903,24,21734,23460,6178,21723,10,144,3781,19,36968,35102,9810,22672,10,160,4626,22,34209,33990,8617,21737,14,190,5731,34,48029,43903,18799,19770,15,192,5673,36,46801,44277,14703,19686,20,204,6487,47,49249,44762,17013,30122,18,192,6648,42,50918,43847,21061,20780,17,183,6125,40,49437,43022,19585,21730,17,177,5655,41,54768,46280,19642,86136
"전라북도","항공 운송업",-,-,-,-,-,-,-,-,-,-,-,-,-,-,-,-,-,-,-,-,-,-,-,-,-,-,-,-,-,-,-,-,-,-,-,-,-,-,-,-,-,-,-,-,-,-,-,-,-,-,-,-,-,-,-,-,-,-,-,-,-,-,-,-,-,-,-,-,-,-,-,-,-,-,-,-,-,-,-,-,-,-,-,-,-,-,-,-
"전라북도","창고 및 운송관련 서비스업",847,1588,9200,1710,43787,30238,30273,94395,842,1925,10564,197,45451,23244,38821,55840,800,1624,10021,2299,41870,29242,30857,185730,789,1914,17594,1567,105704,83555,55619,142481,751,1758,27477,1457,337437,233216,147176,126311,738,1824,20755,182,74400,58139,48134,86874,745,1441,15958,256,85680,54828,56644,129182,728,1956,27440,264,102429,74388,73068,170082,717,1869,23118,267,106151,82412,71274,232479,564,1610,23786,262,112515,96990,60285,233482,556,1767,23460,255,127377,113689,58822,228284
"전라남도","육상운송 및 파이프라인 운송업",8319,28506,500989,21920,1330998,1239541,772867,887855,8332,31992,713142,23577,2024370,1946142,1033123,1179735,8309,26495,453189,19564,1369526,1261959,733353,872981,8218,22502,258810,19159,1326512,1185047,527894,470222,7898,25382,461854,22681,1681022,1559641,784059,589266,8519,25685,363961,22681,1323302,1172515,700695,543777,8926,24836,345256,21625,1195893,1097076,593004,511793,8738,26491,393205,23267,1266404,1192242,645553,615997,8639,25617,465193,22779,1670960,1491214,868634,805776,8618,25597,498351,22156,1717379,1577500,865958,688500,8835,27580,585323,23956,1824561,1710536,939465,945665
"전라남도","수상 운송업",42,927,22208,137,138190,127745,64667,96954,40,809,21841,126,154123,139923,67144,103297,43,836,24820,139,159011,144298,74681,150915,42,828,27582,135,184389,171784,71609,109756,49,1153,36668,144,237953,226484,87177,186094,85,1212,40326,206,292626,274054,114619,194276,78,1199,40322,189,253413,226744,114934,176152,86,1491,51467,228,436233,389835,163425,381509,85,1683,67174,214,415932,367771,204752,397748,84,1576,65836,210,403638,347524,200999,422522,81,1420,63895,221,361921,359058,165509,436182
"전라남도","항공 운송업",-,-,-,-,-,-,-,-,-,-,-,-,-,-,-,-,-,-,-,-,-,-,-,-,-,-,-,-,-,-,-,-,-,-,-,-,-,-,-,-,-,-,-,-,-,-,-,-,-,-,-,-,-,-,-,-,-,-,-,-,-,-,-,-,-,-,-,-,-,-,-,-,-,-,-,-,-,-,-,-,-,-,-,-,-,-,-,-
"전라남도","창고 및 운송관련 서비스업",553,2001,24178,1802,73098,63314,49077,2650892,446,1621,23551,3335,78341,67676,51443,1111015,454,1321,15247,1879,60936,44459,42535,82250,459,2189,57880,2532,623701,442445,289327,1664953,583,2438,52185,2329,404354,291406,208594,255565,583,2502,53636,431,327898,297404,139503,963876,593,2359,55593,436,290925,250338,190826,933563,627,2553,71361,603,361998,272798,244829,931540,638,4397,135291,468,564449,466767,350453,965760,627,4050,135188,518,551237,469416,339812,1165608,606,4563,153037,487,537414,466123,336011,1095029
"경상북도","육상운송 및 파이프라인 운송업",15274,38590,638885,30376,2161849,2089196,991577,1017693,15231,39854,682173,30519,2262716,2190660,1045278,1050047,15328,40869,694304,32072,2092174,2012201,1043663,1074053,15075,31888,393620,28450,1907368,1694759,816396,808193,15090,32641,443556,28848,2047020,1829483,943948,947563,15615,33601,429789,29384,1944247,1752778,880744,1168228,16265,35978,540503,31766,2161708,1945778,1103295,1012905,16205,32871,448407,29458,1857879,1634531,949149,885517,15961,32416,473855,29486,1910933,1673583,952781,918767,16129,33868,533438,29445,2000987,1780698,998692,900768,16673,35678,517077,32022,2127405,1866076,1050642,956370
"경상북도","수상 운송업",8,391,11791,25,77157,70056,42596,47152,7,360,10615,26,91202,84976,43860,51447,7,356,10891,27,83652,74580,50920,42208,7,395,14166,31,103330,97145,62818,64502,11,461,17455,32,128405,128379,71578,131433,18,612,20025,52,128361,122532,76152,131555,15,453,14409,40,81199,79228,49773,103341,21,576,20164,54,104972,87499,71413,117633,20,521,20044,60,104271,97471,69196,119781,21,545,23145,62,115398,108901,73874,129867,22,480,22688,66,117772,110836,71886,131378
"경상북도","항공 운송업",-,-,-,-,-,-,-,-,-,-,-,-,-,-,-,-,-,-,-,-,-,-,-,-,-,-,-,-,-,-,-,-,-,-,-,-,-,-,-,-,-,-,-,-,-,-,-,-,-,-,-,-,-,-,-,-,-,-,-,-,-,-,-,-,-,-,-,-,-,-,-,-,-,-,-,-,-,-,-,-,-,-,-,-,-,-,-,-
"경상북도","창고 및 운송관련 서비스업",1306,3292,39858,1607,150805,128864,91360,353514,1416,3862,56104,4453,239093,207819,137151,313546,1353,4887,65872,7130,337090,313886,197037,250972,1282,4161,53102,1816,312806,270934,139855,232817,1197,4678,68588,1823,475178,435268,155421,239089,1174,4722,71718,426,312823,268501,160408,218734,1189,8089,281365,539,3740032,2683460,1527645,814083,1167,8285,312699,454,3930005,3201366,1210722,1081459,1124,9049,352031,371,4362968,3751082,1107865,971236,1023,8315,354631,390,4369584,3834365,1064614,1488254,999,9150,346304,387,4341285,3824278,1061610,1541707
"경상남도","육상운송 및 파이프라인 운송업",15776,35541,318162,29926,1418508,1158270,771217,633707,15973,39937,407580,35702,1592307,1352488,1130815,817447,15907,36046,390713,30844,1511818,1289890,808174,691148,15873,38240,459493,32874,1847482,1621019,956007,850222,16034,38798,532854,33620,2173370,1980149,965250,817686,16946,39429,497435,34222,1930745,1721345,933797,746235,17717,39742,477569,32499,2233791,1826277,1209704,749204,17599,41645,559653,35245,2036131,1699724,1174600,588982,17871,40986,542607,34942,1998247,1687561,1121378,731030,17974,39825,593133,34176,1975033,1697907,1159666,718788,17445,38163,570489,32236,2018173,1775069,1058753,1151995
"경상남도","수상 운송업",71,433,10752,95,63569,50896,38617,34797,74,479,11888,101,79606,63961,44679,41765,74,436,12401,98,78257,61430,44851,49527,70,598,16373,117,103416,85154,54170,92488,65,588,18559,118,102107,91874,49275,104702,71,685,21404,169,111522,96879,61662,126403,66,650,21731,158,100744,89677,59415,143681,61,479,14725,116,67847,56838,40452,40885,61,552,17290,124,73473,63712,48535,74309,53,495,16265,111,70990,57447,51924,63895,53,473,15683,101,57847,53347,35681,63855
"경상남도","항공 운송업",-,-,-,-,-,-,-,-,-,-,-,-,-,-,-,-,-,-,-,-,-,-,-,-,-,-,-,-,-,-,-,-,1,...,...,...,...,...,...,...,-,-,-,-,-,-,-,-,-,-,-,-,-,-,-,-,-,-,-,-,-,-,-,-,1,...,...,...,...,...,...,...,1,...,...,...,...,...,...,...,1,X,X,X,X,X,X,X
"경상남도","창고 및 운송관련 서비스업",1378,5298,65502,1339,763450,354791,535554,262593,1409,5354,93690,1995,913129,463992,621882,498980,1388,5064,92129,1941,858548,431009,618167,294769,1355,5843,102870,1751,927373,616257,504758,502252,1326,7008,116154,1391,1075037,751586,540722,465552,1313,4934,94762,556,811551,574393,431325,523950,1309,5355,99810,555,815230,560952,443397,799842,1317,5403,109139,550,889125,614232,541340,774314,1319,5216,121332,533,922687,661125,551803,843586,1229,5896,134268,553,791645,645422,441341,919218,1213,5405,132179,596,780805,634616,458161,1723031
"제주특별자치도","육상운송 및 파이프라인 운송업",5529,10498,59961,9863,351901,278285,183520,159214,5603,10433,74556,9882,368227,282710,201910,151373,5637,11262,80957,10157,431743,346244,235581,170281,5628,10623,82097,9779,464997,378683,217652,167001,5634,11333,85505,10644,447072,359508,221802,262750,5744,10964,80465,10127,473797,367899,248529,300342,5992,11789,85585,10772,502117,379717,267286,358557,5811,10847,84458,10018,522800,412167,278646,310008,5731,10463,94517,9710,524752,403802,288912,254851,5825,11114,116234,10297,508391,443637,245311,341029,5876,12197,152726,11052,612355,546405,313946,457929
"제주특별자치도","수상 운송업",22,559,13586,49,76982,72833,32549,63225,23,555,13391,57,76305,72810,32051,49547,27,672,14323,62,83752,78888,36476,59433,24,584,15312,58,76904,68534,36842,58373,23,713,17589,58,96066,89695,43808,53069,23,799,19456,65,110629,103202,49861,57634,22,777,20713,61,113934,105837,47968,71686,27,689,20717,65,113261,98602,65702,84681,25,592,19975,60,107470,92197,62379,67934,23,574,20934,58,111355,98614,55633,69661,23,575,23452,58,107742,98270,54114,81050
"제주특별자치도","항공 운송업",1,...,...,...,...,...,...,...,1,...,...,...,...,...,...,...,1,...,...,...,...,...,...,...,1,...,...,...,...,...,...,...,1,...,...,...,...,...,...,...,1,...,...,...,...,...,...,...,1,...,...,...,...,...,...,...,1,...,...,...,...,...,...,...,1,...,...,...,...,...,...,...,1,...,...,...,...,...,...,...,1,X,X,X,X,X,X,X
"제주특별자치도","창고 및 운송관련 서비스업",277,964,12011,224,23750,22393,18277,33080,191,829,12472,1,23262,21702,17950,83324,204,1268,17763,2,31894,28343,26716,45793,200,1254,21832,230,126358,121459,34784,83494,192,1181,20942,235,106570,95841,42104,68583,190,1481,18122,2,50991,46538,27993,73674,189,1062,15780,2,42452,35297,28368,9623,187,1315,19614,7,81058,73926,36490,39025,185,1364,25771,25,99629,75823,61130,55799,161,1322,27945,24,77346,67482,48237,20195,159,1450,28642,22,81099,76529,43039,22460
